date,site,revenue
2025-04-24,testsite-001,63.7086
2025-04-25,testsite-001,115.5643
2025-04-26,testsite-001,95.8795
2025-04-27,testsite-001,83.8793
2025-04-28,testsite-001,44.0417
2025-04-29,testsite-001,44.0395
2025-04-30,testsite-001,35.2275
2025-05-01,testsite-001,107.9559
2025-05-02,testsite-001,84.1004
2025-05-03,testsite-001,93.7265
2025-05-04,testsite-001,31.8526
2025-05-05,testsite-001,117.2919
2025-05-06,testsite-001,104.9198
2025-05-07,testsite-001,49.1105
2025-05-08,testsite-001,46.3642
2025-05-09,testsite-001,46.5064
2025-05-10,testsite-001,57.3818
2025-05-11,testsite-001,77.2281
2025-05-12,testsite-001,68.8751
2025-05-13,testsite-001,56.2106
2025-05-14,testsite-001,85.0668
2025-05-15,testsite-001,42.5544
2025-05-16,testsite-001,56.293
2025-05-17,testsite-001,62.9726
2025-05-18,testsite-001,71.0463
2025-05-19,testsite-001,100.6658
2025-05-20,testsite-001,47.9706
2025-05-21,testsite-001,76.2811
2025-05-22,testsite-001,83.3173
2025-05-23,testsite-001,34.1805
2025-05-24,testsite-001,84.679
2025-05-25,testsite-001,45.3472
2025-05-26,testsite-001,35.8546
2025-05-27,testsite-001,115.3997
2025-05-28,testsite-001,116.9069
2025-05-29,testsite-001,102.7558
2025-05-30,testsite-001,57.4152
2025-05-31,testsite-001,38.7905
2025-06-01,testsite-001,91.581
2025-06-02,testsite-001,69.6137
2025-06-03,testsite-001,40.9834
2025-06-04,testsite-001,74.5659
2025-06-05,testsite-001,33.095
2025-06-06,testsite-001,111.8388
2025-06-07,testsite-001,53.2902
2025-06-08,testsite-001,89.627
2025-06-09,testsite-001,58.054
2025-06-10,testsite-001,76.8061
2025-06-11,testsite-001,79.2039
2025-06-12,testsite-001,46.6369
2025-06-13,testsite-001,117.2626
2025-06-14,testsite-001,99.762
2025-06-15,testsite-001,114.5549
2025-06-16,testsite-001,110.5345
2025-06-17,testsite-001,83.811
2025-06-18,testsite-001,112.9687
2025-06-19,testsite-001,37.9643
2025-06-20,testsite-001,47.6385
2025-06-21,testsite-001,34.0705
2025-06-22,testsite-001,59.2797
2025-06-23,testsite-001,64.981
2025-06-24,testsite-001,54.4214
2025-06-25,testsite-001,104.5864
2025-06-26,testsite-001,62.1078
2025-06-27,testsite-001,55.2841
2025-06-28,testsite-001,78.8426
2025-06-29,testsite-001,42.6832
2025-06-30,testsite-001,102.1977
2025-07-01,testsite-001,36.7096
2025-07-02,testsite-001,118.8198
2025-07-03,testsite-001,99.502
2025-07-04,testsite-001,47.8844
2025-07-05,testsite-001,30.497
2025-07-06,testsite-001,103.3915
2025-07-07,testsite-001,93.6172
2025-07-08,testsite-001,95.6106
2025-07-09,testsite-001,99.4143
2025-07-10,testsite-001,36.664
2025-07-11,testsite-001,62.2619
2025-07-12,testsite-001,40.4282
2025-07-13,testsite-001,107.6793
2025-07-14,testsite-001,86.0968
2025-07-15,testsite-001,59.7808
2025-07-16,testsite-001,35.7203
2025-07-17,testsite-001,57.9884
2025-07-18,testsite-001,59.2665
2025-07-19,testsite-001,95.6646
2025-07-20,testsite-001,87.3802
2025-07-21,testsite-001,109.8491
2025-07-22,testsite-001,72.4993
2025-07-23,testsite-001,40.7635
2025-07-24,testsite-001,94.192
2025-04-23,testsite-002,7.8471
2025-04-24,testsite-002,6.0515
2025-04-25,testsite-002,7.9387
2025-04-26,testsite-002,5.4442
2025-04-27,testsite-002,5.7046
2025-04-28,testsite-002,4.8479
2025-04-29,testsite-002,1.2288
2025-04-30,testsite-002,1.971
2025-05-01,testsite-002,1.2829
2025-05-02,testsite-002,6.7277
2025-05-03,testsite-002,3.8292
2025-05-04,testsite-002,5.5771
2025-05-05,testsite-002,9.1681
2025-05-06,testsite-002,3.2436
2025-05-07,testsite-002,4.6934
2025-05-08,testsite-002,7.8
2025-05-09,testsite-002,3.0592
2025-05-10,testsite-002,1.6928
2025-05-11,testsite-002,3.6078
2025-05-12,testsite-002,2.451
2025-05-13,testsite-002,9.3673
2025-05-14,testsite-002,8.2731
2025-05-15,testsite-002,6.7006
2025-05-16,testsite-002,8.8431
2025-05-17,testsite-002,8.233
2025-05-18,testsite-002,2.6791
2025-05-19,testsite-002,9.033
2025-05-20,testsite-002,5.8541
2025-05-21,testsite-002,8.267
2025-05-22,testsite-002,9.0648
2025-05-23,testsite-002,3.862
2025-05-24,testsite-002,1.9905
2025-05-25,testsite-002,3.0514
2025-05-26,testsite-002,4.844
2025-05-27,testsite-002,8.3621
2025-05-28,testsite-002,8.7466
2025-05-29,testsite-002,1.0626
2025-05-30,testsite-002,5.5967
2025-05-31,testsite-002,4.7567
2025-06-01,testsite-002,2.999
2025-06-02,testsite-002,2.0788
2025-06-03,testsite-002,4.0385
2025-06-04,testsite-002,9.4862
2025-06-05,testsite-002,3.9088
2025-06-06,testsite-002,5.6691
2025-06-07,testsite-002,7.3272
2025-06-08,testsite-002,4.2727
2025-06-09,testsite-002,9.746
2025-06-10,testsite-002,9.662
2025-06-11,testsite-002,3.266
2025-06-12,testsite-002,5.4752
2025-06-13,testsite-002,3.7079
2025-06-14,testsite-002,3.5636
2025-06-15,testsite-002,1.332
2025-06-16,testsite-002,6.4861
2025-06-17,testsite-002,5.5241
2025-06-18,testsite-002,1.4633
2025-06-19,testsite-002,3.5078
2025-06-20,testsite-002,9.1744
2025-06-21,testsite-002,3.1561
2025-06-22,testsite-002,2.3041
2025-06-23,testsite-002,5.4051
2025-06-24,testsite-002,9.8709
2025-06-25,testsite-002,3.1785
2025-06-26,testsite-002,7.0492
2025-06-27,testsite-002,7.8546
2025-06-28,testsite-002,3.1387
2025-06-29,testsite-002,7.5539
2025-06-30,testsite-002,4.31
2025-07-01,testsite-002,6.6908
2025-07-02,testsite-002,6.7018
2025-07-03,testsite-002,5.822
2025-07-04,testsite-002,1.8126
2025-07-05,testsite-002,8.5177
2025-07-06,testsite-002,3.887
2025-07-07,testsite-002,2.6787
2025-07-08,testsite-002,1.367
2025-07-09,testsite-002,6.318
2025-07-10,testsite-002,7.0981
2025-07-11,testsite-002,1.1493
2025-07-12,testsite-002,5.6088
2025-07-13,testsite-002,3.0385
2025-07-14,testsite-002,6.8066
2025-07-15,testsite-002,2.5693
2025-07-16,testsite-002,7.2184
2025-07-17,testsite-002,4.4806
2025-07-18,testsite-002,9.4306
2025-07-19,testsite-002,2.2377
2025-07-20,testsite-002,4.0696
2025-07-21,testsite-002,2.0213
2025-07-22,testsite-002,9.3222
2025-07-23,testsite-002,8.8961
2025-07-24,testsite-002,3.3215
2025-06-14,testsite-003,358.1957
2025-06-15,testsite-003,400.65
2025-06-16,testsite-003,329.9042
2025-06-17,testsite-003,323.0057
2025-06-18,testsite-003,245.3001
2025-06-19,testsite-003,205.1377
2025-06-20,testsite-003,422.2483
2025-06-21,testsite-003,423.1129
2025-06-22,testsite-003,350.9374
2025-06-23,testsite-003,271.538
2025-06-24,testsite-003,274.2866
2025-06-25,testsite-003,376.008
2025-06-26,testsite-003,422.2198
2025-06-27,testsite-003,419.5133
2025-06-28,testsite-003,390.5664
2025-06-29,testsite-003,353.3485
2025-06-30,testsite-003,202.7178
2025-07-01,testsite-003,223.6398
2025-07-02,testsite-003,422.6096
2025-07-03,testsite-003,343.7358
2025-07-04,testsite-003,182.4832
2025-07-05,testsite-003,207.3973
2025-07-06,testsite-003,359.1455
2025-07-07,testsite-003,181.3666
2025-07-08,testsite-003,223.4182
2025-07-09,testsite-003,328.1581
2025-07-10,testsite-003,366.8117
2025-07-11,testsite-003,356.0295
2025-07-12,testsite-003,240.5527
2025-07-13,testsite-003,372.2884
2025-07-14,testsite-003,244.0573
2025-07-15,testsite-003,267.8579
2025-07-16,testsite-003,381.5527
2025-07-17,testsite-003,355.4009
2025-07-18,testsite-003,409.2903
2025-07-19,testsite-003,357.5555
2025-07-20,testsite-003,333.4433
2025-07-21,testsite-003,205.2922
2025-07-22,testsite-003,279.2833
2025-07-23,testsite-003,251.6046
2025-07-24,testsite-003,245.8772
2025-04-23,testsite-004,117.5709
2025-04-24,testsite-004,65.3788
2025-04-25,testsite-004,110.2842
2025-04-26,testsite-004,86.8025
2025-04-27,testsite-004,101.533
2025-04-28,testsite-004,75.2373
2025-04-29,testsite-004,81.9213
2025-04-30,testsite-004,74.3266
2025-05-01,testsite-004,47.5719
2025-05-02,testsite-004,95.0207
2025-05-03,testsite-004,55.2695
2025-05-04,testsite-004,32.1884
2025-05-05,testsite-004,88.0925
2025-05-06,testsite-004,45.94
2025-05-07,testsite-004,114.6413
2025-05-08,testsite-004,115.8536
2025-05-09,testsite-004,112.3378
2025-05-10,testsite-004,63.3143
2025-05-11,testsite-004,31.3911
2025-05-12,testsite-004,113.5487
2025-05-13,testsite-004,68.5366
2025-05-14,testsite-004,116.9989
2025-05-15,testsite-004,116.7258
2025-05-16,testsite-004,106.7709
2025-05-17,testsite-004,56.5004
2025-05-18,testsite-004,64.6588
2025-05-19,testsite-004,106.6023
2025-05-20,testsite-004,58.523
2025-05-21,testsite-004,45.2543
2025-05-22,testsite-004,80.1121
2025-05-23,testsite-004,114.2539
2025-05-24,testsite-004,92.6427
2025-05-25,testsite-004,81.3055
2025-05-26,testsite-004,38.7459
2025-05-27,testsite-004,85.3507
2025-05-28,testsite-004,119.1048
2025-05-29,testsite-004,42.6076
2025-05-30,testsite-004,76.6497
2025-05-31,testsite-004,108.9636
2025-06-01,testsite-004,96.6692
2025-06-02,testsite-004,92.7314
2025-06-03,testsite-004,93.2236
2025-06-04,testsite-004,62.3542
2025-06-05,testsite-004,56.4233
2025-06-06,testsite-004,102.8425
2025-06-07,testsite-004,102.9102
2025-06-08,testsite-004,108.0365
2025-06-09,testsite-004,112.1916
2025-06-10,testsite-004,76.0208
2025-06-11,testsite-004,75.1365
2025-06-12,testsite-004,101.8466
2025-06-13,testsite-004,88.4968
2025-06-14,testsite-004,93.177
2025-06-15,testsite-004,101.6213
2025-06-16,testsite-004,110.1005
2025-06-17,testsite-004,60.4196
2025-06-18,testsite-004,63.8025
2025-06-19,testsite-004,38.4584
2025-06-20,testsite-004,82.0452
2025-06-21,testsite-004,33.2348
2025-06-22,testsite-004,71.9038
2025-06-23,testsite-004,78.838
2025-06-24,testsite-004,55.7887
2025-06-25,testsite-004,83.175
2025-06-26,testsite-004,32.745
2025-06-27,testsite-004,33.3613
2025-06-28,testsite-004,104.0341
2025-06-29,testsite-004,62.4172
2025-06-30,testsite-004,41.4354
2025-07-01,testsite-004,77.0019
2025-07-02,testsite-004,99.2994
2025-07-03,testsite-004,49.4239
2025-07-04,testsite-004,86.0601
2025-07-05,testsite-004,37.6813
2025-07-06,testsite-004,34.6514
2025-07-07,testsite-004,77.8219
2025-07-08,testsite-004,78.6572
2025-07-09,testsite-004,87.3687
2025-07-10,testsite-004,95.3482
2025-07-11,testsite-004,117.8267
2025-07-12,testsite-004,76.467
2025-07-13,testsite-004,59.0661
2025-07-14,testsite-004,101.5668
2025-07-15,testsite-004,54.3749
2025-07-16,testsite-004,69.5074
2025-07-17,testsite-004,37.0611
2025-07-18,testsite-004,32.2816
2025-07-19,testsite-004,116.6384
2025-07-20,testsite-004,105.2382
2025-07-21,testsite-004,92.6377
2025-07-22,testsite-004,66.8058
2025-07-23,testsite-004,45.5965
2025-07-24,testsite-004,44.0793
2025-05-08,testsite-005,247.5656
2025-05-09,testsite-005,328.2912
2025-05-10,testsite-005,372.9409
2025-05-11,testsite-005,358.2533
2025-05-12,testsite-005,255.5822
2025-05-13,testsite-005,437.8136
2025-05-14,testsite-005,379.2322
2025-05-15,testsite-005,329.6756
2025-05-16,testsite-005,345.1646
2025-05-17,testsite-005,293.292
2025-05-18,testsite-005,246.8874
2025-05-19,testsite-005,276.1126
2025-05-20,testsite-005,384.6184
2025-05-21,testsite-005,183.8862
2025-05-22,testsite-005,211.3396
2025-05-23,testsite-005,192.4207
2025-05-24,testsite-005,190.9968
2025-05-25,testsite-005,410.9744
2025-05-26,testsite-005,369.9876
2025-05-27,testsite-005,308.0269
2025-05-28,testsite-005,206.4152
2025-05-29,testsite-005,312.7363
2025-05-30,testsite-005,307.8374
2025-05-31,testsite-005,226.7645
2025-06-01,testsite-005,297.1399
2025-06-02,testsite-005,287.5963
2025-06-03,testsite-005,346.2795
2025-06-04,testsite-005,351.4753
2025-06-05,testsite-005,192.2321
2025-06-06,testsite-005,281.1454
2025-06-07,testsite-005,348.9822
2025-06-08,testsite-005,315.8468
2025-06-09,testsite-005,411.2523
2025-06-10,testsite-005,357.8473
2025-06-11,testsite-005,223.9923
2025-06-12,testsite-005,199.0536
2025-06-13,testsite-005,353.4532
2025-06-14,testsite-005,187.1581
2025-06-15,testsite-005,338.1594
2025-06-16,testsite-005,433.8622
2025-06-17,testsite-005,335.378
2025-06-18,testsite-005,284.8059
2025-06-19,testsite-005,353.6878
2025-06-20,testsite-005,303.7283
2025-06-21,testsite-005,327.3165
2025-06-22,testsite-005,434.1955
2025-06-23,testsite-005,284.2477
2025-06-24,testsite-005,439.5215
2025-06-25,testsite-005,424.4447
2025-06-26,testsite-005,232.8636
2025-06-27,testsite-005,198.7276
2025-06-28,testsite-005,207.2101
2025-06-29,testsite-005,184.9199
2025-06-30,testsite-005,205.4996
2025-07-01,testsite-005,364.4118
2025-07-02,testsite-005,199.2209
2025-07-03,testsite-005,266.1234
2025-07-04,testsite-005,408.1163
2025-07-05,testsite-005,186.2834
2025-07-06,testsite-005,399.9065
2025-07-07,testsite-005,256.1008
2025-07-08,testsite-005,211.9045
2025-07-09,testsite-005,368.119
2025-07-10,testsite-005,349.8146
2025-07-11,testsite-005,416.9174
2025-07-12,testsite-005,378.4692
2025-07-13,testsite-005,396.9399
2025-07-14,testsite-005,256.1493
2025-07-15,testsite-005,227.9087
2025-07-16,testsite-005,382.666
2025-07-17,testsite-005,397.8454
2025-07-18,testsite-005,447.4364
2025-07-19,testsite-005,291.4068
2025-07-20,testsite-005,280.4449
2025-07-21,testsite-005,389.6315
2025-07-22,testsite-005,272.017
2025-07-23,testsite-005,431.3045
2025-07-24,testsite-005,411.7714
2025-04-29,testsite-006,4.8609
2025-04-30,testsite-006,7.7578
2025-05-01,testsite-006,7.7909
2025-05-02,testsite-006,1.9281
2025-05-03,testsite-006,9.123
2025-05-04,testsite-006,5.5473
2025-05-05,testsite-006,8.4381
2025-05-06,testsite-006,3.8804
2025-05-07,testsite-006,9.0597
2025-05-08,testsite-006,4.5028
2025-05-09,testsite-006,1.0975
2025-05-10,testsite-006,9.1484
2025-05-11,testsite-006,1.8216
2025-05-12,testsite-006,3.8738
2025-05-13,testsite-006,9.5506
2025-05-14,testsite-006,9.5555
2025-05-15,testsite-006,6.1609
2025-05-16,testsite-006,6.6865
2025-05-17,testsite-006,5.036
2025-05-18,testsite-006,3.6389
2025-05-19,testsite-006,3.958
2025-05-20,testsite-006,7.0527
2025-05-21,testsite-006,7.7714
2025-05-22,testsite-006,8.1242
2025-05-23,testsite-006,8.1066
2025-05-28,testsite-006,1.8209
2025-05-29,testsite-006,5.4498
2025-05-30,testsite-006,1.518
2025-05-31,testsite-006,5.9458
2025-06-01,testsite-006,4.9738
2025-06-02,testsite-006,8.9893
2025-06-03,testsite-006,4.1582
2025-06-04,testsite-006,2.0536
2025-06-05,testsite-006,2.2869
2025-06-06,testsite-006,7.8536
2025-06-07,testsite-006,6.564
2025-06-08,testsite-006,1.9101
2025-06-09,testsite-006,1.757
2025-06-10,testsite-006,7.3087
2025-06-11,testsite-006,1.6549
2025-06-12,testsite-006,8.3967
2025-06-13,testsite-006,7.3562
2025-06-14,testsite-006,1.7321
2025-06-15,testsite-006,1.7635
2025-06-16,testsite-006,9.8798
2025-06-17,testsite-006,4.3684
2025-06-18,testsite-006,4.3358
2025-06-19,testsite-006,8.3152
2025-06-20,testsite-006,9.5252
2025-06-21,testsite-006,9.874
2025-06-22,testsite-006,7.7804
2025-06-23,testsite-006,4.3863
2025-06-24,testsite-006,1.7515
2025-06-25,testsite-006,7.9943
2025-06-26,testsite-006,6.0256
2025-06-27,testsite-006,4.818
2025-06-28,testsite-006,9.1572
2025-06-29,testsite-006,2.0008
2025-06-30,testsite-006,5.4336
2025-07-01,testsite-006,1.1022
2025-07-02,testsite-006,5.2179
2025-07-03,testsite-006,1.5067
2025-07-04,testsite-006,2.0694
2025-07-05,testsite-006,2.0577
2025-07-06,testsite-006,6.8429
2025-07-07,testsite-006,7.7144
2025-07-08,testsite-006,6.2503
2025-07-09,testsite-006,9.6596
2025-07-10,testsite-006,4.3738
2025-07-11,testsite-006,3.5714
2025-07-12,testsite-006,8.8174
2025-07-13,testsite-006,3.0124
2025-07-14,testsite-006,9.669
2025-07-15,testsite-006,1.1094
2025-07-16,testsite-006,9.7289
2025-07-17,testsite-006,1.3884
2025-07-18,testsite-006,9.0203
2025-07-19,testsite-006,5.7493
2025-07-20,testsite-006,9.9367
2025-07-21,testsite-006,1.6642
2025-07-22,testsite-006,5.9847
2025-07-23,testsite-006,9.7237
2025-07-24,testsite-006,5.7079
2025-06-04,testsite-007,6.6646
2025-06-05,testsite-007,7.2617
2025-06-06,testsite-007,5.0909
2025-06-07,testsite-007,6.648
2025-06-08,testsite-007,6.2588
2025-06-09,testsite-007,9.1104
2025-06-10,testsite-007,1.409
2025-06-11,testsite-007,3.5287
2025-06-12,testsite-007,9.5537
2025-06-13,testsite-007,9.0124
2025-06-14,testsite-007,5.1009
2025-06-15,testsite-007,6.5812
2025-06-16,testsite-007,3.4964
2025-06-17,testsite-007,2.6931
2025-06-18,testsite-007,5.1733
2025-06-19,testsite-007,4.1802
2025-06-20,testsite-007,6.2529
2025-06-21,testsite-007,1.6996
2025-06-22,testsite-007,9.7696
2025-06-23,testsite-007,9.8759
2025-06-24,testsite-007,7.2835
2025-06-25,testsite-007,5.8249
2025-06-26,testsite-007,3.7857
2025-06-27,testsite-007,8.3242
2025-06-28,testsite-007,7.1626
2025-06-29,testsite-007,2.4636
2025-06-30,testsite-007,9.1983
2025-07-01,testsite-007,8.4028
2025-07-02,testsite-007,9.5482
2025-07-03,testsite-007,7.5315
2025-07-04,testsite-007,6.5207
2025-07-05,testsite-007,4.7642
2025-07-06,testsite-007,9.3946
2025-07-07,testsite-007,8.7946
2025-07-08,testsite-007,1.407
2025-07-09,testsite-007,1.2373
2025-07-10,testsite-007,4.3882
2025-07-11,testsite-007,8.295
2025-07-12,testsite-007,9.8855
2025-07-13,testsite-007,2.3538
2025-07-14,testsite-007,6.3472
2025-07-15,testsite-007,4.428
2025-07-16,testsite-007,9.7292
2025-07-17,testsite-007,8.5791
2025-07-18,testsite-007,8.545
2025-07-19,testsite-007,5.2182
2025-07-20,testsite-007,4.7334
2025-07-21,testsite-007,3.4607
2025-07-22,testsite-007,1.5074
2025-07-23,testsite-007,8.7825
2025-07-24,testsite-007,8.3161
2025-06-13,testsite-008,9.9975
2025-06-14,testsite-008,9.9697
2025-06-15,testsite-008,5.9989
2025-06-16,testsite-008,7.9209
2025-06-17,testsite-008,9.5029
2025-06-18,testsite-008,8.6468
2025-06-19,testsite-008,3.2261
2025-06-20,testsite-008,5.0549
2025-06-21,testsite-008,2.1624
2025-06-22,testsite-008,9.5865
2025-06-23,testsite-008,6.4556
2025-06-24,testsite-008,3.0578
2025-06-25,testsite-008,7.0453
2025-06-26,testsite-008,6.5632
2025-06-27,testsite-008,4.2235
2025-06-28,testsite-008,2.022
2025-06-29,testsite-008,7.0442
2025-06-30,testsite-008,5.6828
2025-07-01,testsite-008,7.9509
2025-07-02,testsite-008,5.6815
2025-07-03,testsite-008,8.6696
2025-07-04,testsite-008,5.9672
2025-07-05,testsite-008,6.0484
2025-07-06,testsite-008,8.8899
2025-07-07,testsite-008,4.6313
2025-07-08,testsite-008,2.2061
2025-07-09,testsite-008,1.259
2025-07-10,testsite-008,7.7962
2025-07-11,testsite-008,6.5828
2025-07-12,testsite-008,7.3367
2025-07-13,testsite-008,2.9167
2025-07-14,testsite-008,2.2273
2025-07-15,testsite-008,1.1309
2025-07-16,testsite-008,4.1553
2025-07-17,testsite-008,6.3093
2025-07-18,testsite-008,4.5302
2025-07-19,testsite-008,4.9373
2025-07-20,testsite-008,9.1374
2025-07-21,testsite-008,4.1343
2025-07-22,testsite-008,5.6259
2025-07-23,testsite-008,8.0529
2025-07-24,testsite-008,4.5689
2025-05-12,testsite-009,347.9634
2025-05-13,testsite-009,412.8382
2025-05-14,testsite-009,436.3706
2025-05-15,testsite-009,219.7098
2025-05-16,testsite-009,430.1787
2025-05-17,testsite-009,312.8714
2025-05-18,testsite-009,249.726
2025-05-19,testsite-009,303.9667
2025-05-20,testsite-009,444.6088
2025-05-21,testsite-009,313.0069
2025-05-22,testsite-009,268.7629
2025-05-23,testsite-009,351.0182
2025-05-24,testsite-009,244.8393
2025-05-25,testsite-009,200.4831
2025-05-26,testsite-009,214.7975
2025-05-27,testsite-009,214.5724
2025-05-28,testsite-009,221.0137
2025-05-29,testsite-009,217.4833
2025-05-30,testsite-009,353.0362
2025-05-31,testsite-009,229.1076
2025-06-01,testsite-009,273.3302
2025-06-02,testsite-009,422.1329
2025-06-03,testsite-009,307.9696
2025-06-04,testsite-009,360.2406
2025-06-05,testsite-009,226.5264
2025-06-06,testsite-009,231.918
2025-06-07,testsite-009,191.0345
2025-06-08,testsite-009,225.6125
2025-06-09,testsite-009,255.2194
2025-06-10,testsite-009,227.7928
2025-06-11,testsite-009,203.9497
2025-06-12,testsite-009,212.5717
2025-06-13,testsite-009,304.4103
2025-06-14,testsite-009,235.7101
2025-06-15,testsite-009,278.3529
2025-06-16,testsite-009,315.9227
2025-06-17,testsite-009,366.4066
2025-06-18,testsite-009,190.6143
2025-06-19,testsite-009,395.8408
2025-06-20,testsite-009,349.5331
2025-06-21,testsite-009,202.0749
2025-06-22,testsite-009,415.8662
2025-06-23,testsite-009,428.6355
2025-06-24,testsite-009,196.491
2025-06-25,testsite-009,254.757
2025-06-26,testsite-009,397.6743
2025-06-27,testsite-009,382.0301
2025-06-28,testsite-009,229.8207
2025-06-29,testsite-009,236.5243
2025-06-30,testsite-009,280.0275
2025-07-01,testsite-009,310.8212
2025-07-02,testsite-009,346.9288
2025-07-03,testsite-009,279.6067
2025-07-04,testsite-009,304.8844
2025-07-05,testsite-009,381.8172
2025-07-06,testsite-009,189.9045
2025-07-07,testsite-009,248.158
2025-07-08,testsite-009,372.6044
2025-07-09,testsite-009,421.7058
2025-07-10,testsite-009,318.1529
2025-07-11,testsite-009,323.6706
2025-07-12,testsite-009,208.9364
2025-07-13,testsite-009,300.8013
2025-07-14,testsite-009,323.8067
2025-07-15,testsite-009,245.467
2025-07-16,testsite-009,252.6957
2025-07-17,testsite-009,281.8667
2025-07-18,testsite-009,185.4192
2025-07-19,testsite-009,266.9614
2025-07-20,testsite-009,237.091
2025-07-21,testsite-009,268.4243
2025-07-22,testsite-009,212.3358
2025-07-23,testsite-009,420.4424
2025-07-24,testsite-009,340.27
2025-04-23,testsite-010,7.1119
2025-04-24,testsite-010,8.1025
2025-04-25,testsite-010,5.486
2025-04-26,testsite-010,1.7823
2025-04-27,testsite-010,5.834
2025-04-28,testsite-010,6.2816
2025-04-29,testsite-010,7.709
2025-04-30,testsite-010,4.8849
2025-05-01,testsite-010,2.1482
2025-05-02,testsite-010,3.554
2025-05-03,testsite-010,4.2677
2025-05-04,testsite-010,6.8133
2025-05-05,testsite-010,6.137
2025-05-06,testsite-010,4.2049
2025-05-07,testsite-010,9.8786
2025-05-08,testsite-010,6.452
2025-05-09,testsite-010,3.135
2025-05-10,testsite-010,1.916
2025-05-11,testsite-010,2.3757
2025-05-12,testsite-010,3.2136
2025-05-13,testsite-010,2.4461
2025-05-14,testsite-010,2.6791
2025-05-15,testsite-010,3.5659
2025-05-16,testsite-010,2.5604
2025-05-17,testsite-010,9.0709
2025-05-18,testsite-010,1.7221
2025-05-19,testsite-010,5.7206
2025-05-20,testsite-010,4.6936
2025-05-21,testsite-010,9.8414
2025-05-22,testsite-010,2.0084
2025-05-23,testsite-010,4.5807
2025-05-24,testsite-010,9.7252
2025-05-25,testsite-010,8.7896
2025-05-26,testsite-010,8.3536
2025-05-27,testsite-010,3.3211
2025-05-28,testsite-010,2.538
2025-05-29,testsite-010,7.0178
2025-05-30,testsite-010,9.3644
2025-05-31,testsite-010,6.0109
2025-06-01,testsite-010,6.1445
2025-06-02,testsite-010,3.5198
2025-06-03,testsite-010,7.9254
2025-06-04,testsite-010,2.6834
2025-06-05,testsite-010,3.9131
2025-06-06,testsite-010,4.8289
2025-06-07,testsite-010,5.5685
2025-06-08,testsite-010,3.1817
2025-06-09,testsite-010,2.0335
2025-06-10,testsite-010,6.4956
2025-06-11,testsite-010,3.5977
2025-06-12,testsite-010,6.2311
2025-06-13,testsite-010,2.3893
2025-06-14,testsite-010,5.3303
2025-06-15,testsite-010,5.7933
2025-06-16,testsite-010,1.4664
2025-06-17,testsite-010,4.0294
2025-06-18,testsite-010,2.2097
2025-06-19,testsite-010,1.5704
2025-06-20,testsite-010,9.9096
2025-06-21,testsite-010,3.9012
2025-06-22,testsite-010,8.2889
2025-06-23,testsite-010,3.2918
2025-06-24,testsite-010,7.1335
2025-06-25,testsite-010,7.8421
2025-06-26,testsite-010,6.3607
2025-06-27,testsite-010,5.2442
2025-06-28,testsite-010,4.7066
2025-06-29,testsite-010,4.1398
2025-06-30,testsite-010,9.3658
2025-07-01,testsite-010,8.4756
2025-07-02,testsite-010,9.6852
2025-07-03,testsite-010,2.1187
2025-07-04,testsite-010,7.5778
2025-07-05,testsite-010,9.4451
2025-07-06,testsite-010,2.6311
2025-07-07,testsite-010,1.5985
2025-07-08,testsite-010,7.6701
2025-07-09,testsite-010,6.1703
2025-07-10,testsite-010,8.5765
2025-07-11,testsite-010,2.258
2025-07-12,testsite-010,8.1574
2025-07-13,testsite-010,2.8146
2025-07-14,testsite-010,2.4729
2025-07-15,testsite-010,2.4784
2025-07-16,testsite-010,8.3312
2025-07-17,testsite-010,6.9868
2025-07-18,testsite-010,5.7076
2025-07-19,testsite-010,4.2295
2025-07-20,testsite-010,8.8948
2025-07-21,testsite-010,4.532
2025-07-22,testsite-010,8.3494
2025-07-23,testsite-010,4.9522
2025-07-24,testsite-010,4.3925
2025-04-23,testsite-011,304.9235
2025-04-24,testsite-011,261.372
2025-04-25,testsite-011,381.8545
2025-04-26,testsite-011,315.7345
2025-04-27,testsite-011,242.6974
2025-04-28,testsite-011,422.8851
2025-04-29,testsite-011,283.6506
2025-04-30,testsite-011,326.7593
2025-05-01,testsite-011,424.7475
2025-05-02,testsite-011,348.5443
2025-05-03,testsite-011,211.5625
2025-05-04,testsite-011,433.7547
2025-05-05,testsite-011,349.4812
2025-05-06,testsite-011,270.4245
2025-05-07,testsite-011,217.6035
2025-05-08,testsite-011,394.3868
2025-05-09,testsite-011,347.4196
2025-05-10,testsite-011,324.0345
2025-05-11,testsite-011,421.351
2025-05-12,testsite-011,392.9212
2025-05-13,testsite-011,220.9522
2025-05-14,testsite-011,264.165
2025-05-15,testsite-011,247.0921
2025-05-16,testsite-011,380.8655
2025-05-17,testsite-011,189.0538
2025-05-18,testsite-011,333.8702
2025-05-19,testsite-011,385.8638
2025-05-20,testsite-011,416.7267
2025-05-21,testsite-011,272.3621
2025-05-22,testsite-011,401.7395
2025-05-23,testsite-011,209.8706
2025-05-24,testsite-011,408.5421
2025-05-25,testsite-011,214.4219
2025-05-26,testsite-011,287.2676
2025-05-27,testsite-011,395.2697
2025-05-28,testsite-011,220.4777
2025-05-29,testsite-011,241.8979
2025-05-30,testsite-011,375.0082
2025-05-31,testsite-011,374.4099
2025-06-01,testsite-011,353.1099
2025-06-02,testsite-011,367.3661
2025-06-03,testsite-011,326.5356
2025-06-04,testsite-011,247.9857
2025-06-05,testsite-011,273.3379
2025-06-06,testsite-011,229.0314
2025-06-07,testsite-011,425.2817
2025-06-08,testsite-011,337.5158
2025-06-09,testsite-011,288.2299
2025-06-10,testsite-011,304.7416
2025-06-11,testsite-011,435.7665
2025-06-12,testsite-011,221.4049
2025-06-13,testsite-011,338.2821
2025-06-14,testsite-011,316.5899
2025-06-15,testsite-011,345.0926
2025-06-16,testsite-011,184.8897
2025-06-17,testsite-011,415.4735
2025-06-18,testsite-011,431.6719
2025-06-19,testsite-011,332.586
2025-06-20,testsite-011,368.0957
2025-06-21,testsite-011,429.0748
2025-06-22,testsite-011,370.9544
2025-06-23,testsite-011,221.1855
2025-06-24,testsite-011,335.5979
2025-06-25,testsite-011,343.8131
2025-06-26,testsite-011,294.5153
2025-06-27,testsite-011,378.8399
2025-06-28,testsite-011,432.2791
2025-06-29,testsite-011,429.9035
2025-06-30,testsite-011,301.7266
2025-07-01,testsite-011,210.5743
2025-07-02,testsite-011,445.9071
2025-07-03,testsite-011,406.5025
2025-07-04,testsite-011,213.6589
2025-07-05,testsite-011,428.6273
2025-07-06,testsite-011,414.872
2025-07-07,testsite-011,320.0863
2025-07-08,testsite-011,339.6444
2025-07-09,testsite-011,287.7307
2025-07-10,testsite-011,194.7856
2025-07-11,testsite-011,270.5033
2025-07-12,testsite-011,396.7704
2025-07-13,testsite-011,181.2506
2025-07-14,testsite-011,270.0448
2025-07-15,testsite-011,287.5055
2025-07-16,testsite-011,325.0968
2025-07-17,testsite-011,428.361
2025-07-18,testsite-011,273.5134
2025-07-19,testsite-011,273.6774
2025-07-20,testsite-011,379.1253
2025-07-21,testsite-011,302.0988
2025-07-22,testsite-011,240.6433
2025-07-23,testsite-011,302.1587
2025-07-24,testsite-011,218.0314
2025-06-14,testsite-012,45.8748
2025-06-15,testsite-012,74.8531
2025-06-16,testsite-012,67.7033
2025-06-17,testsite-012,112.3361
2025-06-18,testsite-012,62.6155
2025-06-19,testsite-012,82.253
2025-06-20,testsite-012,86.9038
2025-06-21,testsite-012,31.1785
2025-06-22,testsite-012,89.7184
2025-06-23,testsite-012,46.0232
2025-06-24,testsite-012,116.4963
2025-06-25,testsite-012,43.3796
2025-06-26,testsite-012,67.3162
2025-06-27,testsite-012,37.6815
2025-06-28,testsite-012,119.7187
2025-06-29,testsite-012,75.1976
2025-06-30,testsite-012,83.5847
2025-07-01,testsite-012,36.0369
2025-07-02,testsite-012,97.4964
2025-07-03,testsite-012,48.8915
2025-07-04,testsite-012,110.8249
2025-07-05,testsite-012,48.4626
2025-07-06,testsite-012,47.1619
2025-07-07,testsite-012,33.2895
2025-07-08,testsite-012,72.486
2025-07-09,testsite-012,80.8357
2025-07-10,testsite-012,35.9138
2025-07-11,testsite-012,99.7975
2025-07-12,testsite-012,70.796
2025-07-13,testsite-012,77.1951
2025-07-14,testsite-012,69.6686
2025-07-15,testsite-012,66.0687
2025-07-16,testsite-012,80.3676
2025-07-17,testsite-012,43.9716
2025-07-18,testsite-012,46.3735
2025-07-19,testsite-012,107.5607
2025-07-20,testsite-012,115.1504
2025-07-21,testsite-012,63.5978
2025-07-22,testsite-012,54.367
2025-07-23,testsite-012,87.96
2025-07-24,testsite-012,66.7861
2025-05-29,testsite-013,32.2848
2025-06-03,testsite-013,44.0537
2025-06-04,testsite-013,94.4375
2025-06-05,testsite-013,89.3032
2025-06-06,testsite-013,32.4386
2025-06-07,testsite-013,49.9775
2025-06-08,testsite-013,50.7967
2025-06-09,testsite-013,90.4703
2025-06-10,testsite-013,31.7739
2025-06-11,testsite-013,39.3698
2025-06-12,testsite-013,101.9924
2025-06-13,testsite-013,46.069
2025-06-14,testsite-013,88.7471
2025-06-15,testsite-013,51.4365
2025-06-16,testsite-013,38.9497
2025-06-17,testsite-013,51.8855
2025-06-18,testsite-013,95.004
2025-06-19,testsite-013,107.0127
2025-06-20,testsite-013,104.7198
2025-06-21,testsite-013,65.7465
2025-06-22,testsite-013,90.1277
2025-06-23,testsite-013,48.4486
2025-06-24,testsite-013,56.3833
2025-06-25,testsite-013,110.6702
2025-06-26,testsite-013,31.1702
2025-06-27,testsite-013,37.6958
2025-06-28,testsite-013,48.7098
2025-06-29,testsite-013,32.3879
2025-06-30,testsite-013,46.3292
2025-07-01,testsite-013,82.4737
2025-07-02,testsite-013,67.9282
2025-07-03,testsite-013,110.3405
2025-07-04,testsite-013,103.5699
2025-07-05,testsite-013,60.7636
2025-07-06,testsite-013,53.3481
2025-07-07,testsite-013,64.1723
2025-07-08,testsite-013,83.1265
2025-07-09,testsite-013,54.1257
2025-07-10,testsite-013,86.1734
2025-07-11,testsite-013,66.847
2025-07-12,testsite-013,79.6842
2025-07-13,testsite-013,69.2514
2025-07-14,testsite-013,56.5019
2025-07-15,testsite-013,115.3608
2025-07-16,testsite-013,98.7245
2025-07-17,testsite-013,42.6102
2025-07-18,testsite-013,108.1621
2025-07-19,testsite-013,73.8688
2025-07-20,testsite-013,110.5097
2025-07-21,testsite-013,101.987
2025-07-22,testsite-013,68.2692
2025-07-23,testsite-013,32.0222
2025-07-24,testsite-013,54.181
2025-06-04,testsite-014,78.7471
2025-06-05,testsite-014,87.013
2025-06-06,testsite-014,53.2099
2025-06-07,testsite-014,42.542
2025-06-08,testsite-014,105.1437
2025-06-09,testsite-014,118.5962
2025-06-10,testsite-014,77.3121
2025-06-11,testsite-014,45.4511
2025-06-12,testsite-014,54.5077
2025-06-13,testsite-014,31.6552
2025-06-14,testsite-014,112.2869
2025-06-15,testsite-014,40.5976
2025-06-16,testsite-014,81.8865
2025-06-17,testsite-014,54.665
2025-06-18,testsite-014,79.876
2025-06-19,testsite-014,88.6278
2025-06-20,testsite-014,104.6768
2025-06-21,testsite-014,48.5779
2025-06-22,testsite-014,30.9896
2025-06-23,testsite-014,42.3197
2025-06-24,testsite-014,111.0017
2025-06-25,testsite-014,108.6501
2025-06-26,testsite-014,83.7672
2025-06-27,testsite-014,84.0465
2025-06-28,testsite-014,89.8533
2025-06-29,testsite-014,45.7834
2025-06-30,testsite-014,112.2971
2025-07-01,testsite-014,67.6893
2025-07-02,testsite-014,64.4825
2025-07-03,testsite-014,76.7026
2025-07-04,testsite-014,34.2269
2025-07-05,testsite-014,44.9655
2025-07-06,testsite-014,96.423
2025-07-07,testsite-014,37.4519
2025-07-08,testsite-014,84.2837
2025-07-09,testsite-014,52.0814
2025-07-10,testsite-014,65.0366
2025-07-11,testsite-014,55.9824
2025-07-12,testsite-014,62.0105
2025-07-13,testsite-014,94.7141
2025-07-14,testsite-014,56.741
2025-07-15,testsite-014,80.9764
2025-07-16,testsite-014,72.8445
2025-07-17,testsite-014,89.7304
2025-07-18,testsite-014,114.3147
2025-07-19,testsite-014,95.9315
2025-07-20,testsite-014,49.3446
2025-07-21,testsite-014,32.8065
2025-07-22,testsite-014,53.6038
2025-07-23,testsite-014,83.557
2025-07-24,testsite-014,34.6283
2025-05-13,testsite-015,314.0189
2025-05-14,testsite-015,341.1476
2025-05-15,testsite-015,270.2459
2025-05-16,testsite-015,388.1463
2025-05-17,testsite-015,208.7815
2025-05-18,testsite-015,200.2872
2025-05-19,testsite-015,376.611
2025-05-20,testsite-015,313.7827
2025-05-21,testsite-015,365.8686
2025-05-22,testsite-015,297.4034
2025-05-23,testsite-015,246.5285
2025-05-24,testsite-015,401.1576
2025-05-25,testsite-015,395.8423
2025-05-26,testsite-015,367.568
2025-05-27,testsite-015,253.4792
2025-05-28,testsite-015,339.3623
2025-05-29,testsite-015,277.463
2025-05-30,testsite-015,204.7272
2025-05-31,testsite-015,427.6747
2025-06-01,testsite-015,216.941
2025-06-02,testsite-015,436.5641
2025-06-03,testsite-015,300.4216
2025-06-04,testsite-015,229.9859
2025-06-05,testsite-015,326.3133
2025-06-06,testsite-015,415.6954
2025-06-07,testsite-015,377.7007
2025-06-08,testsite-015,397.7715
2025-06-09,testsite-015,357.8715
2025-06-10,testsite-015,366.9147
2025-06-11,testsite-015,409.2828
2025-06-12,testsite-015,247.4104
2025-06-13,testsite-015,312.1447
2025-06-14,testsite-015,239.7265
2025-06-15,testsite-015,446.6704
2025-06-16,testsite-015,434.896
2025-06-17,testsite-015,190.6452
2025-06-18,testsite-015,370.5053
2025-06-19,testsite-015,429.817
2025-06-20,testsite-015,228.7553
2025-06-21,testsite-015,333.3452
2025-06-22,testsite-015,427.1818
2025-06-23,testsite-015,189.1654
2025-06-24,testsite-015,368.3035
2025-06-25,testsite-015,260.2842
2025-06-26,testsite-015,429.587
2025-06-27,testsite-015,442.1857
2025-06-28,testsite-015,434.952
2025-06-29,testsite-015,308.0378
2025-06-30,testsite-015,412.7515
2025-07-01,testsite-015,408.0283
2025-07-02,testsite-015,266.1571
2025-07-03,testsite-015,403.8072
2025-07-04,testsite-015,189.9921
2025-07-05,testsite-015,340.9929
2025-07-06,testsite-015,242.1024
2025-07-07,testsite-015,212.5531
2025-07-08,testsite-015,200.7774
2025-07-09,testsite-015,367.998
2025-07-10,testsite-015,271.7662
2025-07-11,testsite-015,375.687
2025-07-12,testsite-015,197.6462
2025-07-13,testsite-015,265.1284
2025-07-14,testsite-015,325.6626
2025-07-15,testsite-015,393.4953
2025-07-16,testsite-015,266.0632
2025-07-17,testsite-015,348.9907
2025-07-18,testsite-015,419.214
2025-07-19,testsite-015,346.2831
2025-07-20,testsite-015,242.8991
2025-07-21,testsite-015,186.5882
2025-07-22,testsite-015,414.9267
2025-07-23,testsite-015,185.7427
2025-07-24,testsite-015,416.1695
2025-04-23,testsite-016,322.813
2025-04-24,testsite-016,433.5483
2025-04-25,testsite-016,395.6715
2025-04-26,testsite-016,449.4422
2025-04-27,testsite-016,274.6922
2025-04-28,testsite-016,387.1408
2025-04-29,testsite-016,288.5213
2025-04-30,testsite-016,309.5664
2025-05-01,testsite-016,349.4265
2025-05-02,testsite-016,415.8928
2025-05-03,testsite-016,445.7025
2025-05-04,testsite-016,387.4338
2025-05-05,testsite-016,292.797
2025-05-06,testsite-016,293.7664
2025-05-07,testsite-016,379.1472
2025-05-08,testsite-016,244.4698
2025-05-09,testsite-016,209.828
2025-05-10,testsite-016,275.748
2025-05-11,testsite-016,257.5545
2025-05-12,testsite-016,260.0032
2025-05-13,testsite-016,243.0741
2025-05-14,testsite-016,191.3652
2025-05-15,testsite-016,184.826
2025-05-16,testsite-016,446.685
2025-05-17,testsite-016,295.4987
2025-05-18,testsite-016,283.7682
2025-05-19,testsite-016,363.5048
2025-05-20,testsite-016,238.9285
2025-05-21,testsite-016,436.4895
2025-05-22,testsite-016,392.3132
2025-05-23,testsite-016,204.141
2025-05-24,testsite-016,292.7468
2025-05-25,testsite-016,417.3619
2025-05-26,testsite-016,435.0776
2025-05-27,testsite-016,306.1984
2025-05-28,testsite-016,345.6211
2025-05-29,testsite-016,225.0992
2025-05-30,testsite-016,447.6155
2025-05-31,testsite-016,242.5514
2025-06-01,testsite-016,434.5376
2025-06-02,testsite-016,355.4046
2025-06-03,testsite-016,344.0889
2025-06-04,testsite-016,318.4259
2025-06-05,testsite-016,242.2808
2025-06-06,testsite-016,227.6626
2025-06-07,testsite-016,239.5313
2025-06-08,testsite-016,230.3383
2025-06-09,testsite-016,390.4878
2025-06-10,testsite-016,274.5338
2025-06-11,testsite-016,195.6175
2025-06-12,testsite-016,441.6577
2025-06-13,testsite-016,418.6222
2025-06-14,testsite-016,430.4931
2025-06-15,testsite-016,448.6251
2025-06-16,testsite-016,226.9517
2025-06-17,testsite-016,286.9853
2025-06-18,testsite-016,384.7244
2025-06-19,testsite-016,367.9256
2025-06-20,testsite-016,221.5519
2025-06-21,testsite-016,400.2749
2025-06-22,testsite-016,240.599
2025-06-23,testsite-016,240.4308
2025-06-24,testsite-016,324.9831
2025-06-25,testsite-016,340.0938
2025-06-26,testsite-016,336.6233
2025-06-27,testsite-016,204.7014
2025-06-28,testsite-016,416.9144
2025-06-29,testsite-016,251.712
2025-06-30,testsite-016,214.969
2025-07-01,testsite-016,419.962
2025-07-02,testsite-016,438.0259
2025-07-03,testsite-016,412.7745
2025-07-04,testsite-016,398.5693
2025-07-05,testsite-016,356.9153
2025-07-06,testsite-016,328.7315
2025-07-07,testsite-016,203.4864
2025-07-08,testsite-016,290.2824
2025-07-09,testsite-016,280.6259
2025-07-10,testsite-016,250.1335
2025-07-11,testsite-016,375.3234
2025-07-12,testsite-016,313.8864
2025-07-13,testsite-016,201.8825
2025-07-14,testsite-016,239.4495
2025-07-15,testsite-016,364.4799
2025-07-16,testsite-016,200.5553
2025-07-17,testsite-016,409.8259
2025-07-18,testsite-016,313.6896
2025-07-19,testsite-016,309.7584
2025-07-20,testsite-016,339.9501
2025-07-21,testsite-016,402.6639
2025-07-22,testsite-016,273.9085
2025-07-23,testsite-016,363.0644
2025-07-24,testsite-016,332.7476
